repo,total,C,C++,C/C++,CSS,CSV,HTML,JavaScript,LaTeX,Lock,Log,Markdown,Objective-C,Other,Python,Rust,Shell,Slint,TOML,Text,TypeScript,YAML
IMSEL-Lab/RADAR,84020,0,4701,1029,2449,0,68707,6334,0,0,0,495,0,301,0,0,0,0,0,4,0,0
IMSEL-Lab/imu-camera-ortho,56716,22606,4149,21741,0,0,0,0,0,0,0,7139,0,811,0,0,0,0,0,270,0,0
IMSEL-Lab/RADAR_web,47002,0,36934,5550,1227,0,1226,1244,0,0,0,495,0,159,0,0,42,0,0,125,0,0
IMSEL-Lab/furuno_csv_to_ppi_converter_cpp,44118,0,3476,0,0,0,0,360,0,0,0,921,0,35,805,0,65,0,0,38456,0,0
IMSEL-Lab/RADAR_GUI-Web,39908,0,34569,2671,0,0,277,0,0,0,0,135,0,317,1907,0,0,0,0,32,0,0
IMSEL-Lab/annotator_RUST,30375,0,0,0,0,0,0,0,0,6794,667,2932,0,217,0,7156,141,12369,62,17,0,20
IMSEL-Lab/Dual_FLIR_cpp_multi-stage,29329,0,27674,0,151,0,56,93,0,0,0,650,0,41,490,0,0,0,0,174,0,0
IMSEL-Lab/RadarEchoTrails,18834,0,0,0,0,0,0,0,0,6728,0,410,0,94,0,1056,0,10522,24,0,0,0
IMSEL-Lab/RadarPlotter,17098,0,0,0,0,0,0,0,0,6824,0,310,0,136,0,1297,0,8506,25,0,0,0
IMSEL-Lab/flir-m364c-realtime-controller,10144,0,5361,1402,808,0,242,794,0,0,0,1377,0,2,0,0,32,0,0,126,0,0
IMSEL-Lab/yolov12n_rust,8825,0,0,0,0,0,0,0,0,1803,0,479,0,17,325,3831,92,0,17,2250,0,11
IMSEL-Lab/m300-dual-camera-driver,7236,0,3703,1217,771,0,204,633,0,0,0,527,0,2,0,0,93,0,0,86,0,0
j-vaught/501_report_Fa25,6696,0,0,0,0,0,0,0,2802,0,2204,0,0,180,1297,0,0,0,0,213,0,0
j-vaught/graduate-coursework,5495,0,0,0,0,0,0,0,5495,0,0,0,0,0,0,0,0,0,0,0,0,0
IMSEL-Lab/m300-flir-video-driver,5348,803,1578,0,0,0,0,0,0,0,437,264,0,1628,91,0,0,0,0,543,4,0
IMSEL-Lab/working_slew_to_cue_dual_script,5033,0,141,1724,0,3101,0,0,0,0,0,55,0,12,0,0,0,0,0,0,0,0
IMSEL-Lab/old_camer_flir_JW,4072,0,0,0,0,38,632,290,0,0,0,73,0,352,2623,0,64,0,0,0,0,0
j-vaught/Machine-Learning_EMCH368,2121,0,0,0,0,1461,0,0,0,0,0,0,562,98,0,0,0,0,0,0,0,0
j-vaught/vrifa,1800,0,0,0,0,0,0,0,0,0,0,223,0,4,1365,0,0,0,0,147,0,61
IMSEL-Lab/furuno-radar-pattern-generator,1775,0,0,0,936,0,232,607,0,0,0,0,0,0,0,0,0,0,0,0,0,0
IMSEL-Lab/m300-flir-control-driver,1571,0,1159,0,0,0,0,0,0,0,0,353,0,12,0,0,0,0,0,47,0,0
j-vaught/MO-CAP,472,0,0,0,0,0,0,0,0,0,0,20,0,21,431,0,0,0,0,0,0,0
j-vaught/Java-Chess-Game,30,0,0,0,0,0,0,0,0,0,0,30,0,0,0,0,0,0,0,0,0,0
